Expense Claim Batch,دفعة مطالبات مصروفات
Expense Claim Batch Detail,تفاصيل دفعة المطالبات
Expense Batch Settings,إعدادات دفعات المصروفات
Expense Batch Company Default,الافتراضي لكل شركة
Expense Batch,دفعات المصروفات
Split Map,خريطة التقسيم
Invoices,الفواتير
Default Employee,الموظف الافتراضي
Default Cost Center,مركز التكلفة الافتراضي
Default Project,المشروع الافتراضي
Split Mode,طريقة التقسيم
Each Row,مطالبة لكل فاتورة
Employee + Date,موظف + تاريخ
Employee,موظف
Invoice amounts include tax,مبالغ الفواتير شاملة الضريبة
Use the expense date as the claim's posting date,اعتماد تاريخ المصروف كتاريخ ترحيل المطالبة
Invoice Reference,رقم الفاتورة
Invoice Amount,مبلغ الفاتورة
Has Tax,عليه ضريبة
Item Tax Template,قالب ضريبة الصنف
Net Amount,الصافي
Tax Amount,مبلغ الضريبة
Expense Date,تاريخ المصروف
Expense Type,نوع المصروف
Attachment,المرفق
Generation Status,حالة التوليد
Not generated,لم تُنشأ
Partly Generated,أُنشئت جزئياً
Generated,تم الإنشاء
Pending,قيد الانتظار
Failed,فشل
Total Before Tax,الإجمالي قبل الضريبة
Total Tax,إجمالي الضريبة
Total Payable,إجمالي المستحق
Default Payable Account,حساب الدائنين الافتراضي
Added from Item Tax Template,أُضيفت من قالب الضريبة
Payable Account,حساب الدائنين
Default tax template per company,قالب الضريبة الافتراضي لكل شركة
Company Defaults,افتراضيات الشركات
Default Item Tax Template,قالب الضريبة الافتراضي
Warn about possible duplicate expenses,تنبيه عند احتمال تكرار المصروف
Require an attachment on every invoice row,إلزام إرفاق ملف لكل فاتورة
Generate Expense Claims,إنشاء مطالبات المصروفات
Delete draft claims,حذف المطالبات المسودة
Bulk edit rows,تعديل جماعي للصفوف
Actions,إجراءات
Apply,تطبيق
Add tax,إضافة ضريبة
No tax,بدون ضريبة
Tax,الضريبة
Date,التاريخ
Invoice,الفاتورة
Amount,المبلغ
Save first,احفظ أولاً
Creating Expense Claims...,جارٍ إنشاء المطالبات...
Create the Expense Claims for this batch?,هل تريد إنشاء مطالبات هذه الدفعة؟
Create {0} Expense Claims as drafts?,هل تريد إنشاء {0} مطالبة كمسودات؟
"Created {0} Expense Claims, {1} failed",تم إنشاء {0} مطالبة، وفشل {1}
Running in the background. You can keep working.,يعمل في الخلفية. يمكنك متابعة عملك.
Some invoices need attention,بعض الفواتير تحتاج مراجعة
Delete the Expense Claims of this batch that are still drafts? Submitted claims are not touched.,هل تريد حذف مطالبات هذه الدفعة التي ما زالت مسودات؟ المطالبات المعتمدة لن تُمس.
Deleted {0} draft claims. Kept {1} that are already submitted.,تم حذف {0} مطالبة مسودة. وبقيت {1} معتمدة.
"You have unsaved changes. Click Update, then generate, so the claims match what you see in the Split Map.",لديك تغييرات غير محفوظة. اضغط تحديث ثم أنشئ المطالبات حتى تطابق خريطة التقسيم.
{0} of {1} invoices have a claim,{0} من {1} فاتورة لها مطالبة
{0} failed,{0} فشلت
There are no editable rows.,لا توجد صفوف قابلة للتعديل.
Bulk edit {0} rows,تعديل {0} صفوف
Applies to the rows you ticked. Empty fields are left as they are.,يُطبَّق على الصفوف المحددة. الحقول الفارغة تبقى كما هي.
"No rows are ticked, so this applies to every open row. Empty fields are left as they are.",لم يتم تحديد صفوف، لذلك يُطبَّق على كل الصفوف المفتوحة. الحقول الفارغة تبقى كما هي.
Updated {0} rows. Save to keep the changes.,تم تعديل {0} صفوف. احفظ لتثبيت التغييرات.
Created from batch {0},أُنشئت من الدفعة {0}
Different payable accounts,حسابات دائنين مختلفة
Add your invoices in the table below. The split appears here as you type.,أضف فواتيرك في الجدول أدناه. يظهر التقسيم هنا أثناء الكتابة.
"Choose a company, then add your invoices.",اختر الشركة ثم أضف فواتيرك.
All invoices have a claim,كل الفواتير لها مطالبات
No claim can be created yet,لا يمكن إنشاء مطالبة بعد
{0} claims will be created from {1} invoices,سيتم إنشاء {0} مطالبة من {1} فاتورة
Total {0},الإجمالي {0}
including tax {0},شامل ضريبة {0}
{0} notes to check,{0} ملاحظات للمراجعة
{0} claims already created,{0} مطالبة أُنشئت سابقاً
One claim per invoice,مطالبة لكل فاتورة
Every invoice becomes its own claim,كل فاتورة تصبح مطالبة مستقلة
"Per employee, per day",لكل موظف في اليوم
Invoices of the same employee on the same day share a claim,فواتير الموظف نفسه في اليوم نفسه تشترك في مطالبة
Per employee,لكل موظف
One claim for all of an employee's invoices,مطالبة واحدة لكل فواتير الموظف
Split mode,طريقة التقسيم
Creating claims: {0} of {1},جارٍ إنشاء المطالبات: {0} من {1}
"The batch divided into claims, sized by amount",الدفعة مقسمة إلى مطالبات حسب المبلغ
{0} invoices need attention,{0} فواتير تحتاج مراجعة
Claim exists,المطالبة موجودة
Ready,جاهزة
Check the note,راجع الملاحظة
Needs a fix,تحتاج تصحيح
Row {0},السطر {0}
Fix these invoices first,صحّح هذه الفواتير أولاً
1 invoice,فاتورة واحدة
{0} invoices,{0} فواتير
tax {0},ضريبة {0}
Claims that will be created,المطالبات التي ستُنشأ
Claims already created,المطالبات المنشأة
Draft,مسودة
Submitted,معتمدة
Cancelled,ملغاة
Generating,جارٍ الإنشاء
{0} of {1} generated,تم إنشاء {0} من {1}
Submit the batch before generating Expense Claims.,اعتمد الدفعة قبل إنشاء المطالبات.
This batch is already being processed. Please wait for it to finish.,هذه الدفعة قيد المعالجة. انتظر حتى تنتهي.
There is nothing left to generate in this batch.,لا يوجد ما يُنشأ في هذه الدفعة.
Add at least one invoice before submitting.,أضف فاتورة واحدة على الأقل قبل الاعتماد.
Fix these rows before submitting:,صحّح هذه الصفوف قبل الاعتماد:
Invoices need attention,الفواتير تحتاج مراجعة
... and {0} more rows,... و{0} صفوف أخرى
Cancel or delete these Expense Claims first: {0},ألغِ أو احذف هذه المطالبات أولاً: {0}
Generated from {0},أُنشئت من {0}
The claim was cancelled,أُلغيت المطالبة
Employee is missing (set it on the row or as the default employee),الموظف غير محدد (حدده في السطر أو كموظف افتراضي)
Expense date is missing,تاريخ المصروف غير محدد
Expense date is in the future,تاريخ المصروف في المستقبل
Amount must be greater than zero,يجب أن يكون المبلغ أكبر من صفر
Expense type is missing,نوع المصروف غير محدد
Tax is ticked but no Item Tax Template is chosen,تم تحديد الضريبة دون اختيار قالب ضريبة
No attachment,لا يوجد مرفق
"Cost center is missing (set it on the row, as the batch default, or on the Company)",مركز التكلفة غير محدد (حدده في السطر أو كافتراضي للدفعة أو في الشركة)
"Same employee, date, type and amount as row {0}",نفس الموظف والتاريخ والنوع والمبلغ في السطر {0}
Looks like {0} already has this expense,يبدو أن {0} يحتوي هذا المصروف مسبقاً
"{0} belongs to {1}, not {2}",{0} يتبع {1} وليس {2}
{0} is disabled,{0} معطل
Employee {0} is not active,الموظف {0} غير نشط
Employee {0} does not exist,الموظف {0} غير موجود
"Employee belongs to {0}, not {1}",الموظف يتبع {0} وليس {1}
Last attempt failed: {0},فشلت المحاولة الأخيرة: {0}
These expense types post to different payable accounts and cannot share one Expense Claim: {0}. Create a separate claim for each (the Expense Claim Batch does this for you).,هذه الأنواع تُرحَّل إلى حسابات دائنين مختلفة ولا يمكن جمعها في مطالبة واحدة: {0}. أنشئ مطالبة منفصلة لكل منها (دفعة المطالبات تفعل ذلك تلقائياً).
Item Tax Template missing,قالب الضريبة غير محدد
"Row {0}: Has Tax is ticked, but no Item Tax Template is chosen and none is set as the default for {1} in Expense Batch Settings.",السطر {0}: تم تحديد «عليه ضريبة» دون اختيار قالب ضريبة، ولا يوجد قالب افتراضي للشركة {1} في إعدادات دفعات المصروفات.
Row {0}: Item Tax Template {1} does not exist,السطر {0}: قالب الضريبة {1} غير موجود
"Row {0}: {1} belongs to {2}, not {3}",السطر {0}: {1} يتبع {2} وليس {3}
Row {0}: {1} is disabled,السطر {0}: {1} معطل
No default Item Tax Template for {0}. Choose one in this row.,لا يوجد قالب ضريبة افتراضي للشركة {0}. اختر قالباً في هذا السطر.
Accounting,المحاسبة
Details,التفاصيل
Result,النتيجة
Status,الحالة
Message,الرسالة
Expense Claim,مطالبة مصروفات
Summary,الملخص
Remarks,ملاحظات
Not permitted,غير مسموح
Used for every row that has no employee of its own.,يُستخدم لكل سطر ليس له موظف خاص.
Used for rows without one. Falls back to the company's default cost center.,يُستخدم للصفوف التي بلا مركز تكلفة. وإلا يؤخذ مركز تكلفة الشركة.
Tick it when this invoice carries tax. The Item Tax Template then decides the accounts and rates.,حدّدها إن كانت الفاتورة عليها ضريبة. وقالب الضريبة يحدد الحسابات والنسب.
